sample_id	chrom	start	end	cn_a	cn_b
diploid	chr1	0	1	1	1
diploid	chr1	1	2	1	1
diploid	chr1	2	3	1	1
diploid	chr1	3	4	1	1
diploid	chr1	4	5	1	1
diploid	chr1	5	6	1	1
diploid	chr1	6	7	1	1
diploid	chr1	7	8	1	1
diploid	chr1	8	9	1	1
diploid	chr1	9	10	1	1
diploid	chr2	0	1	1	1
diploid	chr2	1	2	1	1
diploid	chr2	2	3	1	1
diploid	chr2	3	4	1	1
diploid	chr2	4	5	1	1
diploid	chr2	5	6	1	1
diploid	chr2	6	7	1	1
diploid	chr2	7	8	1	1
diploid	chr2	8	9	1	1
diploid	chr2	9	10	1	1
diploid	chr3	0	1	1	1
diploid	chr3	1	2	1	1
diploid	chr3	2	3	1	1
diploid	chr3	3	4	1	1
diploid	chr3	4	5	1	1
diploid	chr3	5	6	1	1
diploid	chr3	6	7	1	1
diploid	chr3	7	8	1	1
diploid	chr3	8	9	1	1
diploid	chr3	9	10	1	1
diploid	chr4	0	1	1	1
diploid	chr4	1	2	1	1
diploid	chr4	2	3	1	1
diploid	chr4	3	4	1	1
diploid	chr4	4	5	1	1
diploid	chr4	5	6	1	1
diploid	chr4	6	7	1	1
diploid	chr4	7	8	1	1
diploid	chr4	8	9	1	1
diploid	chr4	9	10	1	1
internal1	chr1	0	1	1	0
internal1	chr1	1	2	1	1
internal1	chr1	2	3	1	1
internal1	chr1	3	4	0	1
internal1	chr1	4	5	1	0
internal1	chr1	5	6	0	1
internal1	chr1	6	7	0	0
internal1	chr1	7	8	1	0
internal1	chr1	8	9	0	0
internal1	chr1	9	10	1	0
internal1	chr2	0	1	0	0
internal1	chr2	1	2	0	0
internal1	chr2	2	3	0	1
internal1	chr2	3	4	0	1
internal1	chr2	4	5	0	0
internal1	chr2	5	6	0	1
internal1	chr2	6	7	1	0
internal1	chr2	7	8	0	0
internal1	chr2	8	9	1	1
internal1	chr2	9	10	0	1
internal1	chr3	0	1	0	0
internal1	chr3	1	2	0	0
internal1	chr3	2	3	0	1
internal1	chr3	3	4	1	1
internal1	chr3	4	5	0	0
internal1	chr3	5	6	1	0
internal1	chr3	6	7	0	0
internal1	chr3	7	8	0	0
internal1	chr3	8	9	0	1
internal1	chr3	9	10	0	1
internal1	chr4	0	1	0	0
internal1	chr4	1	2	1	0
internal1	chr4	2	3	0	0
internal1	chr4	3	4	0	0
internal1	chr4	4	5	0	0
internal1	chr4	5	6	1	0
internal1	chr4	6	7	0	1
internal1	chr4	7	8	0	0
internal1	chr4	8	9	0	1
internal1	chr4	9	10	0	0
internal2	chr1	0	1	1	0
internal2	chr1	1	2	1	1
internal2	chr1	2	3	2	1
internal2	chr1	3	4	1	1
internal2	chr1	4	5	2	0
internal2	chr1	5	6	1	1
internal2	chr1	6	7	1	0
internal2	chr1	7	8	1	0
internal2	chr1	8	9	0	0
internal2	chr1	9	10	1	1
internal2	chr2	0	1	0	0
internal2	chr2	1	2	0	0
internal2	chr2	2	3	0	1
internal2	chr2	3	4	0	1
internal2	chr2	4	5	0	0
internal2	chr2	5	6	1	1
internal2	chr2	6	7	1	0
internal2	chr2	7	8	0	0
internal2	chr2	8	9	1	1
internal2	chr2	9	10	0	1
internal2	chr3	0	1	0	0
internal2	chr3	1	2	0	0
internal2	chr3	2	3	1	1
internal2	chr3	3	4	2	1
internal2	chr3	4	5	1	0
internal2	chr3	5	6	1	0
internal2	chr3	6	7	0	0
internal2	chr3	7	8	0	0
internal2	chr3	8	9	0	1
internal2	chr3	9	10	0	1
internal2	chr4	0	1	0	0
internal2	chr4	1	2	1	0
internal2	chr4	2	3	2	0
internal2	chr4	3	4	1	0
internal2	chr4	4	5	2	0
internal2	chr4	5	6	1	0
internal2	chr4	6	7	1	1
internal2	chr4	7	8	0	0
internal2	chr4	8	9	0	1
internal2	chr4	9	10	0	0
internal3	chr1	0	1	1	0
internal3	chr1	1	2	1	1
internal3	chr1	2	3	2	1
internal3	chr1	3	4	2	1
internal3	chr1	4	5	2	0
internal3	chr1	5	6	1	1
internal3	chr1	6	7	1	0
internal3	chr1	7	8	2	0
internal3	chr1	8	9	1	0
internal3	chr1	9	10	1	1
internal3	chr2	0	1	0	0
internal3	chr2	1	2	0	0
internal3	chr2	2	3	0	1
internal3	chr2	3	4	0	1
internal3	chr2	4	5	0	0
internal3	chr2	5	6	1	1
internal3	chr2	6	7	1	1
internal3	chr2	7	8	1	0
internal3	chr2	8	9	1	1
internal3	chr2	9	10	0	1
internal3	chr3	0	1	0	1
internal3	chr3	1	2	0	1
internal3	chr3	2	3	1	1
internal3	chr3	3	4	2	1
internal3	chr3	4	5	2	1
internal3	chr3	5	6	2	1
internal3	chr3	6	7	1	0
internal3	chr3	7	8	0	1
internal3	chr3	8	9	1	2
internal3	chr3	9	10	0	1
internal3	chr4	0	1	1	0
internal3	chr4	1	2	1	0
internal3	chr4	2	3	2	0
internal3	chr4	3	4	2	0
internal3	chr4	4	5	3	0
internal3	chr4	5	6	2	1
internal3	chr4	6	7	2	1
internal3	chr4	7	8	1	0
internal3	chr4	8	9	1	1
internal3	chr4	9	10	0	1
internal4	chr1	0	1	1	1
internal4	chr1	1	2	1	0
internal4	chr1	2	3	1	0
internal4	chr1	3	4	1	0
internal4	chr1	4	5	1	1
internal4	chr1	5	6	1	1
internal4	chr1	6	7	0	1
internal4	chr1	7	8	1	1
internal4	chr1	8	9	0	0
internal4	chr1	9	10	0	0
internal4	chr2	0	1	1	1
internal4	chr2	1	2	1	2
internal4	chr2	2	3	1	1
internal4	chr2	3	4	2	1
internal4	chr2	4	5	1	2
internal4	chr2	5	6	1	1
internal4	chr2	6	7	1	0
internal4	chr2	7	8	2	1
internal4	chr2	8	9	1	0
internal4	chr2	9	10	0	0
internal4	chr3	0	1	1	0
internal4	chr3	1	2	1	0
internal4	chr3	2	3	0	0
internal4	chr3	3	4	1	1
internal4	chr3	4	5	1	1
internal4	chr3	5	6	1	1
internal4	chr3	6	7	0	0
internal4	chr3	7	8	0	1
internal4	chr3	8	9	0	1
internal4	chr3	9	10	0	0
internal4	chr4	0	1	0	1
internal4	chr4	1	2	1	1
internal4	chr4	2	3	0	1
internal4	chr4	3	4	0	1
internal4	chr4	4	5	1	0
internal4	chr4	5	6	1	1
internal4	chr4	6	7	1	0
internal4	chr4	7	8	1	1
internal4	chr4	8	9	1	0
internal4	chr4	9	10	0	1
internal5	chr1	0	1	1	1
internal5	chr1	1	2	1	1
internal5	chr1	2	3	1	1
internal5	chr1	3	4	1	1
internal5	chr1	4	5	1	1
internal5	chr1	5	6	1	1
internal5	chr1	6	7	1	1
internal5	chr1	7	8	2	1
internal5	chr1	8	9	1	0
internal5	chr1	9	10	1	1
internal5	chr2	0	1	1	1
internal5	chr2	1	2	1	1
internal5	chr2	2	3	1	1
internal5	chr2	3	4	1	1
internal5	chr2	4	5	1	1
internal5	chr2	5	6	2	1
internal5	chr2	6	7	2	2
internal5	chr2	7	8	2	1
internal5	chr2	8	9	2	1
internal5	chr2	9	10	1	1
internal5	chr3	0	1	1	1
internal5	chr3	1	2	1	1
internal5	chr3	2	3	1	1
internal5	chr3	3	4	2	1
internal5	chr3	4	5	2	1
internal5	chr3	5	6	2	1
internal5	chr3	6	7	1	0
internal5	chr3	7	8	0	1
internal5	chr3	8	9	1	2
internal5	chr3	9	10	1	1
internal5	chr4	0	1	1	1
internal5	chr4	1	2	1	1
internal5	chr4	2	3	2	1
internal5	chr4	3	4	2	1
internal5	chr4	4	5	3	0
internal5	chr4	5	6	2	1
internal5	chr4	6	7	2	1
internal5	chr4	7	8	2	1
internal5	chr4	8	9	2	1
internal5	chr4	9	10	1	1
internal6	chr1	0	1	1	1
internal6	chr1	1	2	1	0
internal6	chr1	2	3	1	0
internal6	chr1	3	4	1	0
internal6	chr1	4	5	1	1
internal6	chr1	5	6	1	1
internal6	chr1	6	7	1	1
internal6	chr1	7	8	2	1
internal6	chr1	8	9	1	0
internal6	chr1	9	10	1	1
internal6	chr2	0	1	1	1
internal6	chr2	1	2	1	2
internal6	chr2	2	3	2	1
internal6	chr2	3	4	2	1
internal6	chr2	4	5	1	2
internal6	chr2	5	6	2	1
internal6	chr2	6	7	2	2
internal6	chr2	7	8	2	1
internal6	chr2	8	9	2	1
internal6	chr2	9	10	1	0
internal6	chr3	0	1	1	1
internal6	chr3	1	2	1	1
internal6	chr3	2	3	1	1
internal6	chr3	3	4	2	1
internal6	chr3	4	5	2	1
internal6	chr3	5	6	2	1
internal6	chr3	6	7	1	0
internal6	chr3	7	8	0	1
internal6	chr3	8	9	1	1
internal6	chr3	9	10	1	0
internal6	chr4	0	1	1	1
internal6	chr4	1	2	1	1
internal6	chr4	2	3	2	1
internal6	chr4	3	4	2	1
internal6	chr4	4	5	3	0
internal6	chr4	5	6	2	1
internal6	chr4	6	7	2	0
internal6	chr4	7	8	3	1
internal6	chr4	8	9	2	1
internal6	chr4	9	10	1	1
internal7	chr1	0	1	1	1
internal7	chr1	1	2	1	0
internal7	chr1	2	3	1	0
internal7	chr1	3	4	1	0
internal7	chr1	4	5	1	1
internal7	chr1	5	6	1	1
internal7	chr1	6	7	1	1
internal7	chr1	7	8	2	1
internal7	chr1	8	9	1	0
internal7	chr1	9	10	1	1
internal7	chr2	0	1	1	1
internal7	chr2	1	2	1	2
internal7	chr2	2	3	2	1
internal7	chr2	3	4	2	1
internal7	chr2	4	5	1	2
internal7	chr2	5	6	1	1
internal7	chr2	6	7	1	2
internal7	chr2	7	8	2	1
internal7	chr2	8	9	1	1
internal7	chr2	9	10	0	0
internal7	chr3	0	1	1	1
internal7	chr3	1	2	1	0
internal7	chr3	2	3	0	0
internal7	chr3	3	4	1	1
internal7	chr3	4	5	1	1
internal7	chr3	5	6	1	1
internal7	chr3	6	7	0	0
internal7	chr3	7	8	0	1
internal7	chr3	8	9	0	1
internal7	chr3	9	10	0	0
internal7	chr4	0	1	0	1
internal7	chr4	1	2	1	1
internal7	chr4	2	3	1	1
internal7	chr4	3	4	1	1
internal7	chr4	4	5	2	0
internal7	chr4	5	6	1	1
internal7	chr4	6	7	1	0
internal7	chr4	7	8	2	1
internal7	chr4	8	9	1	1
internal7	chr4	9	10	0	1
sample_1	chr1	0	1	1	1
sample_1	chr1	1	2	1	0
sample_1	chr1	2	3	1	0
sample_1	chr1	3	4	1	0
sample_1	chr1	4	5	0	1
sample_1	chr1	5	6	0	1
sample_1	chr1	6	7	0	0
sample_1	chr1	7	8	1	1
sample_1	chr1	8	9	0	0
sample_1	chr1	9	10	0	0
sample_1	chr2	0	1	0	1
sample_1	chr2	1	2	0	1
sample_1	chr2	2	3	0	0
sample_1	chr2	3	4	1	0
sample_1	chr2	4	5	0	1
sample_1	chr2	5	6	0	1
sample_1	chr2	6	7	0	0
sample_1	chr2	7	8	0	1
sample_1	chr2	8	9	1	0
sample_1	chr2	9	10	0	0
sample_1	chr3	0	1	1	0
sample_1	chr3	1	2	1	0
sample_1	chr3	2	3	0	0
sample_1	chr3	3	4	1	1
sample_1	chr3	4	5	1	0
sample_1	chr3	5	6	1	1
sample_1	chr3	6	7	0	0
sample_1	chr3	7	8	0	1
sample_1	chr3	8	9	0	1
sample_1	chr3	9	10	0	0
sample_1	chr4	0	1	0	0
sample_1	chr4	1	2	1	0
sample_1	chr4	2	3	0	0
sample_1	chr4	3	4	0	1
sample_1	chr4	4	5	1	0
sample_1	chr4	5	6	0	1
sample_1	chr4	6	7	1	0
sample_1	chr4	7	8	1	0
sample_1	chr4	8	9	1	0
sample_1	chr4	9	10	0	0
sample_2	chr1	0	1	0	0
sample_2	chr1	1	2	0	0
sample_2	chr1	2	3	0	0
sample_2	chr1	3	4	1	1
sample_2	chr1	4	5	1	0
sample_2	chr1	5	6	0	1
sample_2	chr1	6	7	0	0
sample_2	chr1	7	8	1	0
sample_2	chr1	8	9	0	0
sample_2	chr1	9	10	0	0
sample_2	chr2	0	1	0	0
sample_2	chr2	1	2	0	0
sample_2	chr2	2	3	0	1
sample_2	chr2	3	4	0	1
sample_2	chr2	4	5	0	0
sample_2	chr2	5	6	0	1
sample_2	chr2	6	7	1	1
sample_2	chr2	7	8	1	0
sample_2	chr2	8	9	0	1
sample_2	chr2	9	10	0	0
sample_2	chr3	0	1	0	1
sample_2	chr3	1	2	0	1
sample_2	chr3	2	3	0	1
sample_2	chr3	3	4	1	0
sample_2	chr3	4	5	1	1
sample_2	chr3	5	6	0	1
sample_2	chr3	6	7	0	0
sample_2	chr3	7	8	0	0
sample_2	chr3	8	9	1	1
sample_2	chr3	9	10	0	0
sample_2	chr4	0	1	1	0
sample_2	chr4	1	2	0	0
sample_2	chr4	2	3	1	0
sample_2	chr4	3	4	1	0
sample_2	chr4	4	5	0	0
sample_2	chr4	5	6	0	1
sample_2	chr4	6	7	1	0
sample_2	chr4	7	8	0	0
sample_2	chr4	8	9	1	0
sample_2	chr4	9	10	0	1
sample_3	chr1	0	1	0	0
sample_3	chr1	1	2	0	0
sample_3	chr1	2	3	0	0
sample_3	chr1	3	4	0	0
sample_3	chr1	4	5	0	0
sample_3	chr1	5	6	0	0
sample_3	chr1	6	7	0	0
sample_3	chr1	7	8	1	0
sample_3	chr1	8	9	1	0
sample_3	chr1	9	10	1	1
sample_3	chr2	0	1	0	0
sample_3	chr2	1	2	0	1
sample_3	chr2	2	3	1	0
sample_3	chr2	3	4	0	0
sample_3	chr2	4	5	0	1
sample_3	chr2	5	6	0	0
sample_3	chr2	6	7	1	1
sample_3	chr2	7	8	0	0
sample_3	chr2	8	9	1	0
sample_3	chr2	9	10	1	0
sample_3	chr3	0	1	1	0
sample_3	chr3	1	2	1	0
sample_3	chr3	2	3	1	1
sample_3	chr3	3	4	0	1
sample_3	chr3	4	5	0	0
sample_3	chr3	5	6	0	1
sample_3	chr3	6	7	1	0
sample_3	chr3	7	8	0	1
sample_3	chr3	8	9	1	1
sample_3	chr3	9	10	1	0
sample_3	chr4	0	1	1	0
sample_3	chr4	1	2	0	0
sample_3	chr4	2	3	1	0
sample_3	chr4	3	4	0	1
sample_3	chr4	4	5	1	0
sample_3	chr4	5	6	0	0
sample_3	chr4	6	7	0	0
sample_3	chr4	7	8	1	0
sample_3	chr4	8	9	0	0
sample_3	chr4	9	10	1	1
sample_4	chr1	0	1	1	0
sample_4	chr1	1	2	0	1
sample_4	chr1	2	3	1	1
sample_4	chr1	3	4	0	1
sample_4	chr1	4	5	1	0
sample_4	chr1	5	6	0	1
sample_4	chr1	6	7	1	0
sample_4	chr1	7	8	1	0
sample_4	chr1	8	9	0	0
sample_4	chr1	9	10	1	1
sample_4	chr2	0	1	0	0
sample_4	chr2	1	2	0	0
sample_4	chr2	2	3	0	1
sample_4	chr2	3	4	0	1
sample_4	chr2	4	5	0	0
sample_4	chr2	5	6	1	1
sample_4	chr2	6	7	1	0
sample_4	chr2	7	8	0	0
sample_4	chr2	8	9	1	1
sample_4	chr2	9	10	0	0
sample_4	chr3	0	1	0	0
sample_4	chr3	1	2	0	0
sample_4	chr3	2	3	1	1
sample_4	chr3	3	4	1	0
sample_4	chr3	4	5	0	0
sample_4	chr3	5	6	0	0
sample_4	chr3	6	7	0	0
sample_4	chr3	7	8	0	0
sample_4	chr3	8	9	0	1
sample_4	chr3	9	10	0	1
sample_4	chr4	0	1	0	0
sample_4	chr4	1	2	0	0
sample_4	chr4	2	3	1	0
sample_4	chr4	3	4	0	0
sample_4	chr4	4	5	1	0
sample_4	chr4	5	6	0	0
sample_4	chr4	6	7	1	1
sample_4	chr4	7	8	0	0
sample_4	chr4	8	9	0	0
sample_4	chr4	9	10	0	0
sample_5	chr1	0	1	1	1
sample_5	chr1	1	2	0	0
sample_5	chr1	2	3	0	0
sample_5	chr1	3	4	0	0
sample_5	chr1	4	5	0	1
sample_5	chr1	5	6	1	1
sample_5	chr1	6	7	0	1
sample_5	chr1	7	8	1	1
sample_5	chr1	8	9	0	0
sample_5	chr1	9	10	0	0
sample_5	chr2	0	1	1	0
sample_5	chr2	1	2	0	1
sample_5	chr2	2	3	0	0
sample_5	chr2	3	4	1	0
sample_5	chr2	4	5	0	1
sample_5	chr2	5	6	0	0
sample_5	chr2	6	7	0	0
sample_5	chr2	7	8	1	1
sample_5	chr2	8	9	0	0
sample_5	chr2	9	10	0	0
sample_5	chr3	0	1	1	0
sample_5	chr3	1	2	1	0
sample_5	chr3	2	3	0	0
sample_5	chr3	3	4	0	1
sample_5	chr3	4	5	0	1
sample_5	chr3	5	6	0	1
sample_5	chr3	6	7	0	0
sample_5	chr3	7	8	0	0
sample_5	chr3	8	9	0	0
sample_5	chr3	9	10	0	0
sample_5	chr4	0	1	0	1
sample_5	chr4	1	2	1	0
sample_5	chr4	2	3	0	0
sample_5	chr4	3	4	0	0
sample_5	chr4	4	5	1	0
sample_5	chr4	5	6	1	1
sample_5	chr4	6	7	0	0
sample_5	chr4	7	8	0	1
sample_5	chr4	8	9	0	0
sample_5	chr4	9	10	0	1
sample_6	chr1	0	1	1	1
sample_6	chr1	1	2	0	0
sample_6	chr1	2	3	1	0
sample_6	chr1	3	4	1	0
sample_6	chr1	4	5	1	1
sample_6	chr1	5	6	0	1
sample_6	chr1	6	7	0	1
sample_6	chr1	7	8	1	1
sample_6	chr1	8	9	1	0
sample_6	chr1	9	10	1	1
sample_6	chr2	0	1	0	0
sample_6	chr2	1	2	0	1
sample_6	chr2	2	3	1	0
sample_6	chr2	3	4	1	0
sample_6	chr2	4	5	0	1
sample_6	chr2	5	6	0	0
sample_6	chr2	6	7	0	1
sample_6	chr2	7	8	1	0
sample_6	chr2	8	9	0	1
sample_6	chr2	9	10	0	0
sample_6	chr3	0	1	1	1
sample_6	chr3	1	2	1	0
sample_6	chr3	2	3	0	0
sample_6	chr3	3	4	0	1
sample_6	chr3	4	5	0	1
sample_6	chr3	5	6	0	1
sample_6	chr3	6	7	0	0
sample_6	chr3	7	8	0	0
sample_6	chr3	8	9	0	0
sample_6	chr3	9	10	0	0
sample_6	chr4	0	1	0	0
sample_6	chr4	1	2	1	0
sample_6	chr4	2	3	1	1
sample_6	chr4	3	4	0	1
sample_6	chr4	4	5	1	0
sample_6	chr4	5	6	0	1
sample_6	chr4	6	7	0	0
sample_6	chr4	7	8	1	1
sample_6	chr4	8	9	0	1
sample_6	chr4	9	10	0	0
sample_7	chr1	0	1	1	0
sample_7	chr1	1	2	1	1
sample_7	chr1	2	3	1	1
sample_7	chr1	3	4	0	1
sample_7	chr1	4	5	1	0
sample_7	chr1	5	6	0	1
sample_7	chr1	6	7	0	0
sample_7	chr1	7	8	1	0
sample_7	chr1	8	9	0	0
sample_7	chr1	9	10	1	0
sample_7	chr2	0	1	0	0
sample_7	chr2	1	2	0	0
sample_7	chr2	2	3	0	1
sample_7	chr2	3	4	0	1
sample_7	chr2	4	5	0	0
sample_7	chr2	5	6	0	1
sample_7	chr2	6	7	1	0
sample_7	chr2	7	8	0	0
sample_7	chr2	8	9	1	1
sample_7	chr2	9	10	0	1
sample_7	chr3	0	1	0	0
sample_7	chr3	1	2	0	0
sample_7	chr3	2	3	0	1
sample_7	chr3	3	4	1	1
sample_7	chr3	4	5	0	0
sample_7	chr3	5	6	0	0
sample_7	chr3	6	7	0	0
sample_7	chr3	7	8	0	0
sample_7	chr3	8	9	0	1
sample_7	chr3	9	10	0	1
sample_7	chr4	0	1	0	0
sample_7	chr4	1	2	1	0
sample_7	chr4	2	3	0	0
sample_7	chr4	3	4	0	0
sample_7	chr4	4	5	0	0
sample_7	chr4	5	6	0	0
sample_7	chr4	6	7	0	1
sample_7	chr4	7	8	0	0
sample_7	chr4	8	9	0	1
sample_7	chr4	9	10	0	0
sample_8	chr1	0	1	1	0
sample_8	chr1	1	2	1	1
sample_8	chr1	2	3	1	1
sample_8	chr1	3	4	0	1
sample_8	chr1	4	5	1	0
sample_8	chr1	5	6	0	1
sample_8	chr1	6	7	0	0
sample_8	chr1	7	8	1	0
sample_8	chr1	8	9	0	0
sample_8	chr1	9	10	0	0
sample_8	chr2	0	1	0	0
sample_8	chr2	1	2	0	0
sample_8	chr2	2	3	0	1
sample_8	chr2	3	4	0	1
sample_8	chr2	4	5	0	0
sample_8	chr2	5	6	0	1
sample_8	chr2	6	7	1	0
sample_8	chr2	7	8	0	0
sample_8	chr2	8	9	1	1
sample_8	chr2	9	10	0	1
sample_8	chr3	0	1	0	0
sample_8	chr3	1	2	0	0
sample_8	chr3	2	3	0	1
sample_8	chr3	3	4	1	1
sample_8	chr3	4	5	0	0
sample_8	chr3	5	6	1	0
sample_8	chr3	6	7	0	0
sample_8	chr3	7	8	0	0
sample_8	chr3	8	9	0	1
sample_8	chr3	9	10	0	1
sample_8	chr4	0	1	0	0
sample_8	chr4	1	2	1	0
sample_8	chr4	2	3	0	0
sample_8	chr4	3	4	0	0
sample_8	chr4	4	5	0	0
sample_8	chr4	5	6	1	0
sample_8	chr4	6	7	0	1
sample_8	chr4	7	8	0	0
sample_8	chr4	8	9	0	1
sample_8	chr4	9	10	0	0
